"Year","Demand_MWh","LWAP_Base","LWAP_Sce1","LWAP_Sce2"
"2023/2024",42072983.094,186.201790665589,145.462478747192,149.633167543022
